id_transacao,valor,categoria,horario,dia_semana,fraude,valor_suspeito
1,33.006818225246434,Lazer,10,1,0,1
2,17.49186120639589,Saúde,0,2,1,0
3,38.385836027526814,Alimentação,12,3,0,0
4,92.1142686059858,Saúde,18,5,0,0
5,15.892489279689727,Lazer,23,7,0,0
6,15.892750201131355,Alimentação,2,5,1,0
7,97.4376625930587,Lazer,23,4,0,0
8,43.268925831953524,Lazer,16,5,0,0
9,12.560106170442673,Transporte,4,1,0,0
10,34.55526904774969,Alimentação,19,5,0,0
11,12.63640971943631,Transporte,20,4,0,0
12,12.607227321143387,Alimentação,7,6,0,0
13,25.58387503460316,Lazer,13,3,0,0
14,2.964533710045631,Lazer,3,7,0,0
15,3.578995475084178,Saúde,10,3,0,1
16,11.446825821743476,Alimentação,19,5,0,0
17,7.294851896158015,Transporte,14,2,0,0
18,27.501686569591953,Saúde,18,3,0,0
19,8.100906139363907,Saúde,6,6,0,0
20,4.892465157581653,Saúde,18,5,1,0
21,86.97743949888283,Transporte,18,7,0,0
22,16.02618103324395,Saúde,10,4,0,0
23,21.488721254826878,Transporte,4,6,0,0
24,4.831958218620909,Saúde,4,5,1,1
25,11.653624825949425,Transporte,21,6,0,0
26,22.441739370610133,Lazer,7,3,0,0
27,6.35350368766933,Lazer,9,7,0,0
28,29.24468998857837,Lazer,5,4,0,0
29,11.016138236849075,Lazer,14,5,0,0
30,15.003841228318247,Lazer,15,1,0,0
31,11.004380136535671,Saúde,16,4,0,0
32,128.03173776949376,Saúde,7,1,1,1
33,19.816259255910275,Saúde,7,6,0,0
34,6.974698291298778,Transporte,8,2,0,0
35,45.7204148275151,Transporte,1,4,0,0
36,5.924855805075756,Transporte,14,6,0,0
37,24.750943141223434,Transporte,17,1,0,0
38,2.8301504594356834,Lazer,2,3,0,0
39,5.321812554723262,Lazer,16,3,0,0
40,24.45564909023567,Lazer,3,2,0,0
41,42.033485733557185,Alimentação,3,4,0,0
42,23.840081985729842,Saúde,13,4,0,0
43,17.891964789315043,Transporte,8,4,0,0
44,14.863318090092628,Transporte,8,6,0,0
45,4.57898798452568,Lazer,22,7,0,0
46,9.77820365291551,Transporte,17,7,0,0
47,12.67157415151988,Transporte,9,2,0,0
48,57.80771395595007,Saúde,20,4,0,0
49,28.321416622870096,Lazer,3,6,0,0
50,3.445123816116287,Saúde,11,3,0,0
51,27.773545568796088,Alimentação,7,1,0,0
52,13.666091879903039,Alimentação,1,6,0,0
53,10.207043280555006,Alimentação,21,7,0,0
54,37.02807056195345,Lazer,12,7,0,0
55,56.317173406525,Transporte,20,3,0,0
56,50.972186393025815,Lazer,15,3,1,0
57,8.677925277545338,Lazer,1,1,0,0
58,14.743283514760323,Transporte,10,3,0,1
59,27.973662189315135,Saúde,9,2,0,0
60,53.279152902165286,Alimentação,14,1,0,0
61,12.438863966930324,Saúde,16,3,1,0
62,16.682178990758878,Alimentação,7,5,0,0
63,6.643673350740028,Lazer,17,6,0,0
64,6.072639632823009,Alimentação,22,3,0,0
65,45.264625002157786,Lazer,8,2,0,0
66,77.96344231649218,Saúde,7,4,0,0
67,18.69002349245128,Lazer,13,3,0,0
68,54.79138085370201,Saúde,17,7,0,0
69,28.836329265898744,Transporte,21,7,0,0
70,10.536866947796401,Transporte,19,7,0,0
71,28.829397282229387,Transporte,19,4,0,1
72,93.50702493490813,Lazer,20,7,0,0
73,19.37868907314326,Transporte,11,5,0,0
74,96.02836876800566,Alimentação,18,3,0,0
75,1.46265736730346,Saúde,13,7,0,0
76,45.69105311181044,Saúde,16,1,0,0
77,21.912276887859672,Alimentação,23,4,0,0
78,14.894509416958691,Lazer,20,5,0,0
79,22.01580878712744,Lazer,2,1,0,0
80,2.752283925628072,Saúde,22,1,0,0
81,16.124310662610384,Transporte,6,1,0,1
82,28.70618404516357,Lazer,16,1,0,0
83,88.04904992795421,Lazer,11,3,0,0
84,11.961938074130188,Alimentação,8,7,0,0
85,8.948683237012887,Alimentação,14,6,0,0
86,12.16110758174814,Transporte,17,3,0,0
87,50.169241395495995,Lazer,20,3,0,0
88,27.903471557185508,Lazer,12,5,0,1
89,11.82528216980149,Alimentação,20,5,0,0
90,33.55773650515712,Lazer,7,7,0,0
91,22.133173565190575,Saúde,13,6,0,0
92,52.91278491795699,Alimentação,7,5,0,1
93,9.953725529065474,Transporte,13,7,1,0
94,14.473767215926316,Alimentação,6,7,0,0
95,13.570412168155212,Lazer,22,2,0,0
96,4.64822325957712,Transporte,11,6,0,0
97,27.007653183073803,Alimentação,10,5,0,0
98,26.07704100384132,Saúde,21,6,0,0
99,20.188506486217193,Saúde,21,3,0,0
100,15.885597269808367,Alimentação,10,3,0,0
101,4.877482755309547,Saúde,21,6,0,0
102,13.188624493293158,Saúde,12,2,0,0
103,14.25753420983833,Saúde,17,2,0,0
104,9.004484497870742,Transporte,1,6,0,0
105,17.093773738307725,Saúde,20,5,0,0
106,30.08572650563063,Saúde,14,4,0,0
107,132.44744181818032,Saúde,19,2,0,0
108,23.91672040413392,Transporte,17,1,0,0
109,25.985804047126862,Alimentação,14,3,0,1
110,18.644553841732012,Lazer,18,6,0,0
111,2.948300152261212,Saúde,22,1,0,0
112,19.559989436509685,Alimentação,23,6,0,0
113,21.33246754289097,Saúde,11,7,0,0
114,235.8608735854196,Transporte,12,3,0,0
115,16.570749043571002,Alimentação,21,3,0,0
116,27.154623928849094,Transporte,10,2,0,0
117,19.400294188204764,Saúde,4,2,0,0
118,6.242133071694438,Saúde,0,1,0,0
119,62.98035261606522,Transporte,23,7,0,0
120,42.60335613512319,Lazer,2,6,0,0
121,44.30209411013759,Transporte,21,7,0,0
122,8.089869057410736,Saúde,18,3,0,0
123,81.67878600569078,Transporte,22,1,0,1
124,4.9438725307499904,Lazer,6,4,0,0
125,36.12037439482401,Transporte,11,1,0,0
126,179.55034206783333,Lazer,14,5,0,0
127,7.459315655867293,Lazer,4,1,0,0
128,11.401013676028104,Transporte,14,7,0,0
129,22.190213649524768,Transporte,7,5,0,0
130,12.140225323555748,Alimentação,9,5,0,0
131,4.260287170538807,Saúde,15,5,0,0
132,21.510968649942352,Lazer,7,4,0,0
133,6.942738451721143,Alimentação,0,1,0,0
134,32.252399082666805,Transporte,11,7,0,0
135,8.009078940494069,Saúde,4,1,0,0
136,94.62620110734356,Alimentação,2,4,0,1
137,9.177425398928698,Lazer,0,3,0,0
138,14.555056860626584,Alimentação,3,2,0,0
139,45.30952237578953,Lazer,7,7,0,0
140,5.865781278599024,Transporte,2,7,0,1
141,25.215526471383335,Saúde,9,1,0,0
142,74.22809774351968,Saúde,1,2,0,0
143,4.024967214770714,Saúde,10,6,0,0
144,24.158441379128462,Transporte,9,6,0,0
145,26.046484165856043,Lazer,20,4,0,0
146,43.8959856030202,Transporte,13,6,0,0
147,5.830188246507091,Saúde,6,7,0,0
148,5.363106547323179,Transporte,1,6,0,0
149,33.85008686796554,Transporte,8,3,0,0
150,27.031008587715327,Transporte,15,3,0,0
151,25.803053827911825,Lazer,12,3,0,0
152,28.401677476505785,Alimentação,8,6,0,0
153,10.17542275045172,Alimentação,19,4,0,0
154,25.336693909961646,Transporte,3,5,0,0
155,26.925464467155038,Alimentação,21,5,0,0
156,9.832061054057284,Alimentação,9,2,0,0
157,129.77140910164957,Transporte,21,5,1,0
158,32.26015640378616,Transporte,11,5,0,0
159,6.102487669986714,Saúde,16,3,0,0
160,38.727641999884675,Alimentação,13,3,0,0
161,7.578523030210596,Lazer,13,6,0,0
162,44.127563229023075,Transporte,1,2,0,0
163,63.98160236628146,Saúde,20,1,0,0
164,8.840272320383232,Lazer,19,7,0,0
165,52.63472795886532,Alimentação,10,2,0,0
166,30.349526829919085,Saúde,15,2,0,0
167,45.698257130945834,Transporte,18,4,0,0
168,133.85979987696663,Lazer,22,6,0,1
169,15.714940499156153,Transporte,5,4,0,0
170,9.45235423279394,Alimentação,23,2,0,0
171,8.252247358772761,Lazer,18,2,0,0
172,8.883447512357208,Alimentação,4,2,0,0
173,18.59510344815655,Alimentação,3,5,0,0
174,28.25165315995217,Saúde,14,7,0,0
175,26.487973487778703,Transporte,3,7,0,0
176,45.93297409586026,Lazer,19,4,0,0
177,20.348392006314995,Alimentação,9,2,0,0
178,85.93009158700845,Alimentação,23,7,0,0
179,15.415032455144052,Lazer,21,3,0,0
180,304.95650704591236,Alimentação,2,7,0,0
181,37.54977355746786,Saúde,4,6,0,0
182,8.52363116893662,Saúde,5,6,0,0
183,6.883364110161833,Saúde,20,7,0,0
184,32.540075279824705,Saúde,21,3,0,0
185,16.063300768010322,Alimentação,7,6,0,0
186,41.017569286212115,Lazer,6,5,0,0
187,32.24095776581426,Lazer,20,7,0,0
188,18.6747265313576,Lazer,9,5,0,0
189,8.61242804796009,Lazer,5,7,0,0
190,4.415639962032337,Transporte,13,1,0,0
191,12.851815018374474,Lazer,3,1,0,0
192,47.29472628846815,Transporte,12,1,0,0
193,24.880733380138118,Transporte,19,6,0,0
194,5.779176631780021,Saúde,16,5,0,0
195,23.883334772187435,Transporte,22,5,0,0
196,29.527362615504963,Alimentação,6,5,0,0
197,8.299062559612826,Transporte,3,3,0,0
198,23.423156005540495,Saúde,13,5,0,1
199,21.289387698624704,Transporte,2,3,0,0
200,6.404684669248883,Alimentação,23,1,0,0
201,28.725561194703655,Alimentação,4,1,0,0
202,35.19079442443957,Alimentação,15,6,1,0
203,59.3262126660248,Saúde,22,7,0,0
204,57.61610054740467,Saúde,19,1,0,0
205,5.064880945242794,Lazer,3,7,0,0
206,7.8630530524336155,Saúde,23,7,0,0
207,33.617113484772744,Alimentação,23,6,0,0
208,33.575141300782455,Alimentação,1,2,0,0
209,33.617530981571484,Saúde,17,2,0,0
210,946.4626329226883,Transporte,18,4,0,1
211,35.548235144290246,Saúde,18,6,0,0
212,62.52494769266456,Saúde,16,4,0,0
213,52.143616294468906,Alimentação,13,4,0,0
214,38.52823123108774,Lazer,18,2,0,1
215,14.654255269362405,Alimentação,21,6,0,0
216,42.90417843006869,Lazer,23,2,0,0
217,9.273629042718847,Alimentação,12,4,0,0
218,15.850188504167651,Saúde,11,6,0,0
219,12.36211374246709,Alimentação,5,4,0,0
220,21.799218911083337,Alimentação,20,5,0,0
221,203.29508955907446,Alimentação,3,7,0,1
222,3.1041341114880443,Saúde,18,6,0,0
223,39.895366541555084,Saúde,15,6,0,0
224,4.003961030688564,Saúde,12,7,0,0
225,12.529277858051863,Saúde,3,4,0,0
226,59.677233363298285,Lazer,22,5,0,0
227,21.419035138036634,Lazer,16,3,0,0
228,6.836358604208936,Transporte,22,7,0,0
229,9.822702525237,Saúde,0,2,0,0
230,39.630449475401235,Lazer,17,4,0,0
231,9.675852689198827,Alimentação,19,7,0,0
232,24.939642096860393,Saúde,16,7,0,0
233,21.02204901290587,Transporte,14,6,0,0
234,10.46880258852466,Transporte,10,2,0,1
235,171.39041612185866,Transporte,21,2,0,0
236,37.86090397647642,Alimentação,12,2,0,1
237,2.6507892168603346,Lazer,0,7,0,0
238,24.20246081999219,Alimentação,16,3,0,0
239,10.36270740513176,Saúde,5,1,0,0
240,47.10755232617873,Transporte,3,4,0,0
241,9.092766993255735,Alimentação,19,1,0,0
242,17.908286855406107,Alimentação,15,7,0,0
243,33.28102048119896,Lazer,14,1,0,0
244,47.7393112723736,Lazer,14,7,0,0
245,6.047854571945651,Transporte,5,1,0,0
246,14.375117551692925,Alimentação,14,2,0,0
247,12.491578394847052,Alimentação,13,5,0,0
248,10.450718869936537,Lazer,10,2,0,0
249,117.38442591405294,Alimentação,6,2,0,0
250,30.113744967423905,Alimentação,8,6,0,0
251,5.6923094564811825,Alimentação,15,6,0,0
252,50.292801073642494,Lazer,4,1,0,0
253,167.69656691150882,Transporte,19,7,0,0
254,56.39978015588682,Saúde,9,2,0,0
255,4.3957142583173345,Transporte,17,1,0,0
256,12.376084328655585,Saúde,2,6,0,0
257,71.30105679977414,Alimentação,12,5,0,0
258,9.897978401117957,Transporte,10,4,0,1
259,31.306302282183616,Saúde,16,1,1,0
260,43.581556875931255,Lazer,21,5,0,0
261,7.949185959737301,Lazer,12,4,0,0
262,18.924826735126118,Transporte,5,3,0,0
263,0.7856315675134949,Transporte,16,1,0,0
264,7.211034041272224,Alimentação,12,1,0,0
265,15.60251077791082,Transporte,18,3,0,0
266,5.7673737333280775,Alimentação,20,3,1,1
267,102.7615549442239,Alimentação,18,1,0,0
268,4.805968687690788,Lazer,9,3,0,0
269,12.93524185655815,Lazer,2,2,0,0
270,22.890925766352193,Saúde,13,4,0,0
271,84.8829534306434,Lazer,18,4,0,0
272,4.778553324039973,Lazer,4,4,0,0
273,64.27455001249342,Transporte,4,2,0,0
274,20.292128678374887,Lazer,19,7,0,0
275,7.5269608062577396,Saúde,16,3,0,0
276,31.8839731440414,Transporte,20,5,0,1
277,24.5094729924657,Saúde,9,3,0,0
278,11.020785964689956,Lazer,4,1,0,0
279,21.537639630993592,Saúde,3,6,0,1
280,13.66293105369591,Transporte,5,4,0,0
281,22.500045810966288,Alimentação,3,3,0,0
282,38.94423201798032,Saúde,6,5,0,0
283,98.10288904575317,Saúde,6,1,0,0
284,5.825148549421202,Transporte,17,2,0,0
285,169.53058866790798,Transporte,2,7,0,0
286,2.8516911392088136,Saúde,0,2,0,1
287,17.25694903495947,Lazer,23,5,0,0
288,36.17315273342396,Saúde,3,1,0,0
289,26.602145428315605,Transporte,5,4,0,0
290,10.775774148951605,Alimentação,8,3,0,1
291,16.311620201858304,Alimentação,21,1,0,0
292,12.268059120728294,Lazer,13,7,0,1
293,11.141036163506376,Saúde,11,2,0,0
294,46.974368271365094,Alimentação,19,7,0,0
295,28.70339722487408,Saúde,23,7,0,0
296,10.045154759207882,Transporte,3,5,0,0
297,49.38268592611594,Alimentação,20,5,0,0
298,27.311272276662617,Lazer,23,3,0,0
299,45.2798498945146,Transporte,11,5,0,0
300,37.69882179801668,Lazer,9,5,0,0
301,8.767090444971995,Transporte,21,1,0,0
302,11.470963849245202,Alimentação,6,4,0,1
303,42.40615874558499,Lazer,2,3,0,0
304,36.97974260066232,Lazer,22,1,0,0
305,19.67007422753823,Transporte,13,4,0,0
306,22.585935359125457,Lazer,23,7,0,0
307,72.07194785155106,Transporte,9,1,0,0
308,11.116479101964376,Transporte,15,6,0,0
309,34.712414209450785,Transporte,15,1,0,0
310,16.408628878120567,Transporte,21,5,0,0
311,16.156441049821083,Alimentação,9,4,0,0
312,60.266527613379765,Transporte,12,3,0,0
313,45.85188677941323,Saúde,5,3,0,0
314,45.309178868881894,Lazer,11,4,0,0
315,74.104688814895,Saúde,8,5,0,0
316,20.511872023867202,Alimentação,12,2,0,0
317,39.72389799898296,Saúde,3,1,0,0
318,14.727746672857789,Lazer,23,5,0,1
319,27.775833733653347,Saúde,10,6,0,0
320,17.634495327809137,Alimentação,19,7,0,0
321,22.1313679181513,Transporte,17,4,0,0
322,36.42141862805439,Saúde,10,1,0,0
323,8.862060651640101,Alimentação,20,3,0,0
324,162.77799452801105,Alimentação,3,7,0,0
325,7.344726836262554,Lazer,17,2,0,0
326,5.964417436815599,Lazer,0,6,0,0
327,63.950597645932696,Saúde,6,3,0,0
328,44.33004633400502,Transporte,5,4,0,0
329,37.49170906950428,Alimentação,14,1,0,0
330,37.65047269940928,Saúde,17,4,0,0
331,19.841054033877437,Alimentação,23,7,0,0
332,8.188621989958548,Alimentação,10,1,0,0
333,21.667307510411376,Transporte,19,5,0,0
334,10.204596831131353,Transporte,23,2,0,0
335,53.2564931059429,Saúde,14,5,0,0
336,17.338728108151393,Transporte,15,5,0,0
337,8.797809791768021,Transporte,6,4,0,0
338,14.564894665363035,Saúde,20,7,0,0
339,30.354095607290844,Transporte,9,2,0,0
340,11.430388276714492,Lazer,11,1,0,0
341,8.82668575023077,Alimentação,23,1,0,0
342,25.628043765360907,Alimentação,13,6,0,0
343,25.66085223205088,Alimentação,4,3,0,0
344,12.098201735156255,Alimentação,20,6,0,0
345,12.540478525208366,Saúde,17,6,0,0
346,25.33153183612201,Alimentação,4,1,0,0
347,4.720504400981988,Alimentação,2,4,0,0
348,4.916201726887825,Alimentação,22,5,0,0
349,9.791902599241025,Alimentação,4,7,0,0
350,16.22499327795143,Lazer,23,5,0,0
351,27.409990551317165,Alimentação,16,5,0,1
352,87.8258799053124,Lazer,18,2,0,0
353,47.35439445294359,Saúde,18,1,0,0
354,17.1168176762166,Transporte,20,7,0,0
355,19.707194893711982,Alimentação,11,4,0,0
356,7.3703900982398665,Transporte,8,2,0,0
357,19.717111524073747,Transporte,0,3,0,0
358,15.049448726865561,Saúde,17,4,0,0
359,27.735649196052556,Transporte,20,6,0,1
360,8.782569832480577,Lazer,3,4,1,0
361,33.7623580331198,Transporte,9,4,0,0
362,93.01296694989102,Transporte,6,5,0,0
363,18.015632469887795,Transporte,21,4,0,0
364,30.01543418197527,Alimentação,22,6,0,0
365,40.050613498478434,Alimentação,0,6,0,0
366,13.447315944639968,Lazer,16,1,0,0
367,25.13075718471306,Lazer,23,4,1,0
368,20.340061226774644,Alimentação,1,5,0,0
369,22.146425324058196,Lazer,10,4,0,1
370,9.271917573279257,Alimentação,8,3,0,0
371,20.58391970772582,Saúde,6,3,0,1
372,33.049230768475276,Transporte,21,5,1,0
373,85.72492365729731,Transporte,16,1,0,0
374,52.419089377626605,Lazer,16,1,0,0
375,172.98112033163736,Alimentação,1,6,0,0
376,9.324566132596475,Alimentação,5,6,0,0
377,48.053772135732146,Lazer,13,2,0,0
378,24.127252379271166,Alimentação,5,5,0,0
379,179.43318912620725,Saúde,1,4,0,0
380,8.950431242493911,Transporte,0,7,0,0
381,8.673549938686472,Lazer,9,5,0,0
382,11.029873390561608,Lazer,20,2,0,0
383,2.401525776800572,Alimentação,4,6,0,0
384,11.872739552401935,Lazer,1,5,0,0
385,9.401482019017696,Saúde,21,5,0,0
386,23.345255817156083,Alimentação,15,6,0,1
387,28.268722339978577,Alimentação,1,2,0,0
388,131.12759269461904,Alimentação,9,6,0,0
389,51.95738369196536,Alimentação,1,1,0,0
390,11.280734332361098,Saúde,15,4,0,0
391,8.179126243011597,Alimentação,15,6,0,0
392,32.84892998044506,Lazer,18,2,0,0
393,5.36430483169278,Saúde,6,3,0,0
394,125.39374741788939,Transporte,21,1,0,0
395,65.32926647029555,Transporte,11,3,0,0
396,12.56385885956697,Lazer,23,7,1,0
397,3.6214173085397467,Lazer,14,6,0,0
398,77.77907017971076,Saúde,7,1,0,1
399,17.91180790290711,Transporte,5,4,0,0
400,69.2564521087983,Transporte,9,6,0,0
401,4.077860000802807,Transporte,2,4,0,0
402,11.030067766110571,Transporte,18,5,0,0
403,20.191136070635057,Transporte,16,3,0,1
404,21.051684775463652,Alimentação,6,1,0,0
405,12.806265310081875,Lazer,20,4,0,0
406,37.44412913851278,Alimentação,19,2,0,0
407,6.90592383863214,Transporte,3,4,0,0
408,17.420026888737528,Saúde,13,2,1,0
409,22.653075620880525,Saúde,19,6,1,0
410,33.59706910204747,Transporte,21,1,0,1
411,40.919833742601334,Transporte,14,4,0,0
412,6.523153392419656,Saúde,23,7,0,0
413,4.331378403144846,Alimentação,7,4,0,0
414,72.07280739466063,Alimentação,20,7,0,0
415,28.00306621839802,Transporte,14,1,0,0
416,9.502106049360957,Alimentação,21,4,0,0
417,94.7414853479138,Saúde,19,2,0,0
418,22.54863730733636,Alimentação,13,4,0,0
419,65.31992919064761,Transporte,8,3,0,0
420,21.48851231503602,Saúde,7,6,0,0
421,157.70842628008913,Alimentação,16,5,0,0
422,116.20325341609514,Lazer,1,2,0,0
423,15.658843723296208,Saúde,23,3,0,0
424,53.0678323531293,Saúde,2,7,0,0
425,38.297167949875885,Lazer,7,6,0,0
426,78.93553901332871,Lazer,11,1,0,0
427,7.652837846832319,Saúde,0,2,0,1
428,39.88704003572083,Lazer,9,5,0,0
429,57.883043704821354,Transporte,19,6,0,0
430,3.459972058907914,Transporte,2,7,0,0
431,6.151780101495332,Transporte,5,5,0,0
432,2.61370256212048,Saúde,6,1,0,0
433,15.341984658289004,Lazer,19,1,0,1
434,41.163101310039835,Lazer,22,7,0,0
435,90.22955661895566,Alimentação,17,2,0,1
436,21.630292882020363,Alimentação,10,7,0,1
437,102.3722362601822,Lazer,18,4,0,0
438,5.052577665047457,Lazer,4,1,0,0
439,3.656906460539893,Lazer,18,6,0,0
440,19.000253118487887,Saúde,10,4,0,0
441,29.49041953103063,Lazer,23,3,1,0
442,19.43946449123895,Alimentação,11,5,0,0
443,2.5410004970757956,Saúde,9,4,0,0
444,18.37295893362785,Lazer,7,5,0,0
445,5.449536174707143,Alimentação,23,7,0,0
446,39.2390548819561,Saúde,8,4,0,0
447,28.979777121598023,Lazer,3,7,0,0
448,7.846913059859418,Lazer,4,3,0,0
449,12.01472622301984,Lazer,20,1,0,0
450,6.964226028680354,Saúde,7,3,0,0
451,18.865236744229094,Alimentação,22,1,0,0
452,52.203122990396565,Alimentação,8,7,0,0
453,7.495283482074575,Transporte,14,1,0,0
454,33.24972563596334,Lazer,14,5,0,0
455,11.819401564407983,Transporte,15,6,0,0
456,9.089566049652333,Transporte,13,3,0,0
457,18.046822672245387,Alimentação,7,4,0,0
458,7.133183850342237,Saúde,17,3,0,0
459,11.546134373292437,Saúde,9,5,0,0
460,6.062499097582089,Alimentação,19,1,0,0
461,143.2691648831955,Saúde,5,5,0,0
462,20.806460760692694,Transporte,11,2,0,0
463,9.97692066397013,Lazer,1,2,0,0
464,24.877901282959616,Alimentação,6,4,0,0
465,17.951469005086608,Lazer,15,5,0,0
466,16.10339952732528,Saúde,2,7,0,0
467,37.120400605857476,Lazer,12,4,1,0
468,42.841519324739565,Saúde,2,7,0,0
469,11.816523545005525,Saúde,17,4,0,0
470,11.292985258283114,Transporte,10,2,0,0
471,15.255625234101599,Saúde,7,4,1,0
472,2.0098876706576894,Transporte,5,2,0,0
473,4.4141219603587825,Transporte,0,1,0,0
474,78.79694818085642,Transporte,0,7,0,1
475,104.06000599792769,Alimentação,22,5,0,0
476,15.657718032615632,Alimentação,7,4,0,0
477,35.750239308289004,Saúde,4,2,1,0
478,27.41938251977759,Transporte,15,3,0,0
479,436.5403489459029,Alimentação,10,7,0,0
480,61.53307969554419,Transporte,4,4,0,0
481,17.673783944154135,Lazer,3,6,0,0
482,7.724982515376574,Lazer,5,1,0,0
483,4.029142925400352,Lazer,13,1,0,0
484,24.61764927426192,Saúde,21,3,0,0
485,9.427672567868953,Transporte,18,2,0,0
486,4.844026471134738,Lazer,8,4,0,0
487,10.521566633511595,Alimentação,11,7,0,0
488,6.8104077692944145,Lazer,10,2,0,0
489,108.54248195148178,Lazer,13,1,0,0
490,48.50368415171211,Lazer,22,2,0,0
491,19.926038797169642,Saúde,15,1,1,0
492,88.22974392656162,Alimentação,0,2,0,1
493,21.701216256179634,Transporte,12,3,1,0
494,8.488529645316204,Alimentação,22,5,0,0
495,92.12294810063075,Transporte,20,3,0,0
496,34.42937222061079,Saúde,20,3,0,0
497,7.11890446047041,Saúde,12,5,0,0
498,16.604293756010374,Saúde,1,5,0,0
499,8.367722515801924,Saúde,3,4,0,0
500,5.038962808977413,Transporte,5,7,0,0
501,50.71275959790507,Lazer,22,7,0,0
502,135.5603109385689,Transporte,4,4,0,0
503,4.960132361568408,Alimentação,2,3,0,0
504,35.26776015957502,Saúde,0,3,0,0
505,10.47883418565417,Saúde,3,1,0,0
506,12.340352901380555,Alimentação,19,1,0,0
507,11.107339163822532,Transporte,1,7,0,0
508,8.465585923009515,Lazer,4,4,0,0
509,21.084151150722946,Lazer,2,6,0,0
510,8.749966603233826,Alimentação,8,6,0,0
511,26.323361787252082,Lazer,19,4,0,0
512,19.10140496168782,Transporte,5,1,0,0
513,15.816472387722014,Transporte,17,7,0,0
514,8.104636764496695,Alimentação,5,7,0,0
515,11.282227155359607,Transporte,18,1,0,1
516,42.750941811811906,Saúde,11,6,0,0
517,33.145838974571845,Alimentação,10,2,0,0
518,7.556776838758865,Transporte,1,2,0,0
519,22.183134776888984,Alimentação,14,1,0,0
520,42.580104913266126,Lazer,11,2,0,0
521,3.7832927142445025,Transporte,11,5,0,0
522,34.58292946935429,Saúde,8,4,0,0
523,10.354034401992942,Transporte,20,4,0,1
524,35.537862186400694,Alimentação,23,1,0,1
525,9.36276678462588,Alimentação,1,3,0,0
526,3.303947280728584,Transporte,21,6,0,0
527,3.945033957992106,Saúde,2,1,0,0
528,21.074946106519636,Saúde,11,2,0,0
529,26.042309443688467,Saúde,15,6,0,0
530,8.130995590315077,Alimentação,20,3,0,0
531,38.038258610510766,Transporte,23,2,0,0
532,3.8132427313161283,Lazer,0,7,0,0
533,18.801190670218542,Alimentação,20,5,0,0
534,5.983369077702102,Saúde,2,2,0,0
535,10.46633475249111,Transporte,19,5,0,0
536,21.06048785234934,Saúde,1,6,0,0
537,8.495924982490278,Lazer,8,5,0,0
538,13.673292201192506,Saúde,18,6,1,0
539,54.94280907420069,Saúde,14,6,0,0
540,11.280867289450354,Lazer,17,6,0,0
541,46.3254789980529,Transporte,10,6,0,0
542,6.490198691966652,Alimentação,22,6,0,0
543,34.11728604249828,Transporte,15,2,0,1
544,84.90802575053728,Lazer,21,6,0,0
545,1.696140710241843,Saúde,16,2,0,1
546,9.0530774038088,Transporte,4,6,0,0
547,35.76866129379831,Alimentação,11,5,0,0
548,16.394642652906633,Lazer,10,7,0,0
549,29.111866465351195,Transporte,14,6,0,0
550,10.97933438186271,Alimentação,2,3,0,1
551,21.902259115757364,Lazer,0,6,0,0
552,17.189913108433874,Alimentação,19,6,0,0
553,64.57207628311511,Lazer,15,5,0,0
554,25.90460736178333,Saúde,1,4,0,0
555,28.151556948884572,Transporte,1,5,1,0
556,13.30477553919744,Alimentação,2,3,0,0
557,12.334420588654968,Lazer,7,4,0,0
558,13.032442325062844,Alimentação,23,1,0,0
559,29.798323763380303,Alimentação,14,1,0,0
560,13.184152223509184,Transporte,6,3,0,0
561,26.836820850539414,Saúde,5,5,0,0
562,160.0363214678873,Alimentação,8,2,0,0
563,47.996337380886864,Lazer,19,3,0,0
564,14.497503581806438,Lazer,0,7,0,0
565,66.76733221081858,Saúde,7,4,0,0
566,13.355451145082572,Lazer,22,4,0,0
567,2.6165992143071137,Saúde,22,6,0,1
568,7.329546823448358,Lazer,2,1,0,0
569,3.09320595510057,Transporte,3,4,0,0
570,14.13263293645144,Alimentação,14,3,0,0
571,20.45890784705837,Transporte,5,4,0,0
572,107.38680459421073,Alimentação,14,3,0,0
573,27.852629369949746,Alimentação,20,2,0,1
574,16.133526065489303,Alimentação,2,6,1,0
575,46.035165930863855,Transporte,20,1,0,0
576,2.200896309916106,Alimentação,20,4,0,0
577,25.421990269377712,Transporte,13,3,0,0
578,43.41761324374803,Saúde,19,5,0,0
579,4.578693769216859,Lazer,13,1,0,0
580,63.03902904379405,Lazer,3,2,0,0
581,28.176728520764314,Alimentação,11,3,0,0
582,13.259470954342229,Transporte,16,7,0,0
583,37.81787468448819,Lazer,6,7,0,0
584,194.55071173793118,Transporte,8,6,0,0
585,24.091672829898688,Transporte,2,6,0,0
586,25.744489038964037,Alimentação,12,2,0,0
587,12.68777714443461,Lazer,14,2,0,0
588,8.586194567256669,Alimentação,17,6,0,0
589,46.07800939421381,Alimentação,18,4,0,1
590,8.532788166950969,Lazer,0,4,0,0
591,21.57566884075867,Lazer,5,3,0,0
592,12.457745440848484,Saúde,22,5,0,0
593,32.42662438869743,Saúde,1,3,0,0
594,28.040842421754903,Transporte,23,5,0,0
595,56.686718646570405,Lazer,13,2,0,0
596,12.061078330951322,Saúde,5,1,0,0
597,15.334804742841339,Transporte,13,3,0,0
598,7.5476502089628585,Transporte,3,3,0,0
599,12.880399534106719,Transporte,20,5,0,0
600,29.291591433523255,Saúde,7,2,0,1
601,42.819286345724045,Lazer,2,2,0,0
602,7.987155395682125,Alimentação,18,7,0,0
603,47.923496672590574,Transporte,13,5,0,0
604,77.91650922094962,Saúde,19,2,0,0
605,30.36938119222712,Saúde,16,6,0,1
606,131.20956955848635,Alimentação,7,4,0,0
607,9.26469371490184,Alimentação,23,7,0,0
608,5.785445092130019,Saúde,13,6,0,0
609,3.3915252657235935,Lazer,5,1,0,0
610,89.66175491100522,Alimentação,22,3,0,0
611,38.643000396940785,Saúde,21,7,0,0
612,18.999550653852538,Alimentação,15,1,0,0
613,26.574938933159977,Lazer,18,3,0,0
614,6.517630911012233,Transporte,13,4,1,0
615,231.77150164324112,Alimentação,18,2,0,0
616,22.8561718102664,Lazer,2,6,0,0
617,22.407479169000847,Saúde,9,5,0,0
618,41.503037772650686,Alimentação,18,6,0,0
619,32.49249799401406,Alimentação,8,4,0,0
620,25.12551903509585,Saúde,19,1,0,0
621,9.111392417607668,Transporte,12,5,0,0
622,32.18396532138884,Saúde,6,2,0,0
623,131.89741963279806,Alimentação,13,4,0,0
624,77.12442649518925,Saúde,8,5,0,0
625,98.80879575379633,Lazer,22,4,0,0
626,12.04662242021876,Saúde,18,4,0,0
627,7.466267281977453,Alimentação,14,2,0,0
628,17.711481115680932,Saúde,19,7,0,0
629,21.236574602272167,Transporte,13,3,0,0
630,59.99081807756671,Saúde,23,5,0,0
631,3.697050613499002,Transporte,5,2,0,0
632,92.71685873940037,Lazer,20,4,0,0
633,17.14989586224158,Transporte,3,2,0,0
634,13.106639449937784,Saúde,7,7,0,0
635,7.300155320726397,Alimentação,16,3,0,0
636,3.8387367001413666,Transporte,8,6,0,0
637,45.749029755285974,Lazer,0,5,0,0
638,21.613496708900556,Transporte,23,3,0,0
639,5.5291776656759595,Transporte,19,1,0,0
640,5.500952328777448,Transporte,13,5,0,0
641,14.356679448584426,Lazer,10,3,0,0
642,106.59339245003676,Saúde,20,4,0,1
643,15.493315124972122,Transporte,2,5,0,0
644,4.467625443936177,Transporte,8,5,0,0
645,15.709363500981322,Alimentação,13,2,0,0
646,15.29118364947342,Lazer,8,4,0,0
647,1.3540679489024503,Transporte,3,1,0,1
648,19.02407216832317,Lazer,3,6,0,0
649,15.943727150762589,Transporte,7,7,0,0
650,40.29415272743146,Saúde,1,3,0,0
651,127.60711058493547,Saúde,8,2,0,0
652,61.964710006394526,Transporte,13,3,0,0
653,15.349936073706749,Saúde,21,1,0,0
654,6.642404963818525,Transporte,8,1,0,1
655,263.31730905455646,Saúde,23,5,0,0
656,21.310894781018302,Alimentação,22,7,0,0
657,20.3672718590095,Alimentação,15,1,0,0
658,19.606769963333896,Alimentação,16,3,0,0
659,24.48558949849461,Lazer,15,4,0,0
660,17.385553244986014,Lazer,11,4,0,0
661,11.317361845764289,Alimentação,2,5,1,0
662,11.624803623860602,Lazer,10,6,0,0
663,19.438326885816085,Saúde,13,3,0,0
664,11.664793804199928,Transporte,17,3,0,1
665,9.846875702666457,Transporte,20,1,0,0
666,22.34114906624613,Transporte,20,7,0,0
667,15.564968538272744,Alimentação,4,3,0,0
668,90.37728724882015,Lazer,15,2,0,0
669,1.4176919920953115,Saúde,19,6,0,0
670,59.8299787316666,Saúde,4,1,0,0
671,69.83149966002225,Alimentação,2,2,0,0
672,2.5259311514324145,Saúde,11,5,0,0
673,14.25791806270629,Saúde,0,4,0,0
674,13.853794053560943,Saúde,20,5,1,0
675,4.915966146467932,Saúde,8,4,0,0
676,9.227455306593026,Lazer,8,5,0,0
677,6.615558044875529,Saúde,3,3,0,0
678,115.84701024494488,Transporte,2,2,0,0
679,51.196869784112295,Alimentação,16,4,1,0
680,71.63294508270761,Lazer,1,1,0,0
681,41.33344853388793,Saúde,23,2,0,0
682,6.49445170654221,Lazer,0,1,0,1
683,11.8874085361285,Saúde,7,2,0,0
684,32.76544851451983,Transporte,12,2,0,1
685,5.917252231781621,Alimentação,22,5,0,0
686,40.97648764660847,Saúde,14,4,0,0
687,15.794702544850464,Saúde,7,4,0,0
688,13.807048083187482,Saúde,11,7,0,0
689,40.89304371245978,Saúde,21,2,0,0
690,31.320201712832414,Alimentação,11,3,0,0
691,13.999671067783481,Alimentação,13,3,0,1
692,64.02859646712426,Transporte,14,1,0,0
693,6.813709410637691,Alimentação,14,1,0,0
694,37.186121248363264,Saúde,8,5,0,0
695,36.34662156950315,Transporte,18,2,0,0
696,14.738359144988506,Transporte,19,1,1,0
697,27.830513376516222,Transporte,21,1,0,0
698,5.748198053039214,Saúde,7,6,0,1
699,50.603817555424094,Lazer,20,2,0,0
700,16.694809513831167,Saúde,18,5,0,0
701,11.90879234094648,Alimentação,5,1,0,0
702,57.34061729030739,Alimentação,19,5,0,0
703,9.9309516514019,Saúde,18,4,0,0
704,4.911300152693163,Saúde,3,5,0,0
705,4.234947055936697,Transporte,22,3,0,0
706,36.81885033335782,Saúde,6,3,0,0
707,5.582131247701639,Transporte,3,5,0,0
708,116.1397470520546,Alimentação,21,3,0,1
709,2.504453612833798,Transporte,11,4,0,0
710,109.55824967193554,Saúde,12,2,0,0
711,24.804310962627756,Alimentação,2,3,0,0
712,18.233980033177325,Lazer,21,3,0,0
713,11.64737593710757,Transporte,11,5,0,0
714,29.938225669274075,Alimentação,1,4,0,0
715,19.343671226419293,Transporte,23,7,0,0
716,60.53985339790282,Alimentação,1,7,0,0
717,22.516033347577498,Alimentação,22,7,0,0
718,23.3431075685028,Transporte,8,7,0,0
719,13.962676255206858,Lazer,0,2,0,0
720,18.97371074942346,Alimentação,7,5,0,0
721,27.324992754215877,Alimentação,22,5,0,0
722,3.632174872676647,Alimentação,5,6,0,0
723,5.216436875350596,Lazer,5,4,0,0
724,42.235626469781025,Lazer,21,7,0,1
725,23.82809717939601,Saúde,17,2,0,0
726,16.710155755304612,Transporte,16,4,0,1
727,20.45922606484563,Lazer,11,7,0,0
728,28.43388891279192,Transporte,5,2,0,0
729,11.707624774693434,Saúde,7,4,0,0
730,9.222953058223142,Transporte,18,5,0,1
731,24.43081523850094,Lazer,9,5,0,0
732,7.550601450341646,Transporte,0,1,0,0
733,30.21240965523923,Lazer,12,3,0,0
734,3.6598288929567175,Transporte,16,7,0,0
735,56.21342668356322,Lazer,2,6,0,0
736,32.22032557392591,Lazer,7,4,0,0
737,25.94631859717257,Transporte,13,6,0,0
738,53.66124165031678,Saúde,2,1,0,0
739,106.2159668466963,Alimentação,15,3,0,0
740,55.38839332408358,Saúde,12,4,0,0
741,3.1871457551469677,Transporte,19,2,0,0
742,5.586891405347963,Saúde,23,7,0,0
743,10.752963836602769,Lazer,16,3,0,0
744,20.616486066291568,Alimentação,12,5,0,0
745,33.70543230862063,Transporte,5,1,0,0
746,9.720685948799957,Transporte,16,3,0,0
747,24.210024053303314,Transporte,13,7,0,0
748,9.436801207984626,Alimentação,16,3,0,0
749,10.896941973774455,Lazer,7,7,0,0
750,4.920149435695367,Transporte,10,5,0,0
751,7.978630290134378,Saúde,19,4,0,0
752,5.198215504005553,Transporte,0,2,0,1
753,7.569497971017527,Transporte,6,5,0,0
754,57.60686799440887,Transporte,20,2,1,0
755,7.772571882101238,Transporte,20,4,0,0
756,279.32670008996786,Lazer,16,3,0,1
757,32.89490889225679,Saúde,9,2,0,0
758,24.16332828441012,Lazer,10,1,0,0
759,8.513407041092117,Saúde,21,1,0,0
760,40.45984008901961,Transporte,8,7,0,0
761,11.295022859321454,Alimentação,8,5,0,0
762,22.691940437686352,Lazer,23,4,0,0
763,259.8448022241935,Alimentação,4,7,0,0
764,18.245894581340362,Lazer,16,5,0,0
765,63.38792122176672,Transporte,8,5,0,0
766,9.942550475957638,Lazer,16,7,0,0
767,19.394926466151837,Transporte,23,6,0,1
768,118.01369011212934,Lazer,20,5,1,0
769,10.729886107766532,Transporte,18,6,0,0
770,123.0325012160791,Transporte,6,1,1,0
771,40.762067689078265,Saúde,22,1,0,0
772,11.444774200402701,Transporte,8,5,0,1
773,37.80372864094009,Saúde,6,1,0,0
774,53.12005016966194,Transporte,12,4,0,0
775,37.40520860425792,Alimentação,10,6,0,0
776,4.17776026060081,Transporte,13,6,0,0
777,9.707150939636538,Alimentação,18,5,0,0
778,15.68149515185122,Alimentação,10,1,0,0
779,18.644786651504315,Transporte,12,2,0,0
780,37.36267074479663,Alimentação,13,7,0,1
781,23.99153358773487,Saúde,12,7,0,1
782,5.2838533954977756,Lazer,0,6,0,0
783,29.376582724797753,Transporte,7,5,0,0
784,36.987711848639535,Alimentação,11,5,0,0
785,35.15582939638406,Transporte,18,4,0,0
786,59.19166425986593,Saúde,11,3,0,0
787,46.243557388577855,Transporte,7,3,0,0
788,31.790899806613147,Transporte,7,6,0,0
789,18.724527370825168,Alimentação,20,7,0,0
790,3.8153754211377944,Saúde,12,4,0,0
791,30.864856888176604,Lazer,11,4,0,0
792,24.721855418687873,Lazer,15,4,0,0
793,26.35291347523801,Alimentação,0,6,0,0
794,5.602715686321156,Transporte,12,3,0,0
795,6.813755656746146,Alimentação,6,7,0,0
796,57.57870838849883,Alimentação,4,4,0,0
797,19.30655829351514,Alimentação,7,7,0,0
798,39.70593597800737,Transporte,13,1,0,0
799,20.662456877062816,Saúde,22,5,0,0
800,20.692185967174503,Alimentação,12,5,0,0
801,51.33043268311996,Transporte,14,7,0,0
802,11.98858889293435,Saúde,22,2,0,0
803,22.11200728271497,Alimentação,16,2,0,0
804,12.650853854751684,Lazer,14,6,0,0
805,13.007209394693918,Saúde,19,6,0,1
806,14.743876978992866,Alimentação,17,5,0,1
807,25.081581491054965,Saúde,17,1,0,0
808,12.44415927552259,Saúde,1,3,0,0
809,70.51011153580797,Saúde,3,3,0,0
810,8.210326553629848,Saúde,0,6,0,0
811,16.661961315644966,Saúde,3,1,1,1
812,12.9392967644404,Saúde,17,6,0,0
813,85.36856010465483,Alimentação,4,3,0,0
814,24.448155576014457,Lazer,18,7,0,0
815,56.36478248631437,Transporte,14,6,0,1
816,4.546872468078851,Saúde,7,4,0,0
817,26.233842241693726,Transporte,19,7,0,0
818,48.89283174352276,Alimentação,16,6,0,0
819,21.808155149669652,Saúde,0,5,0,0
820,58.292904255478845,Lazer,11,6,0,0
821,11.973687690978235,Transporte,18,5,0,0
822,82.21579527113552,Saúde,14,1,0,1
823,200.1161851486505,Alimentação,8,3,0,1
824,13.973482684131689,Lazer,6,7,0,0
825,12.864833178896523,Transporte,1,7,0,0
826,85.91723740342,Transporte,8,2,0,0
827,97.47268118135993,Saúde,9,2,0,0
828,11.907160869153898,Lazer,1,3,0,0
829,13.194672938913602,Lazer,18,2,0,0
830,15.153255466360234,Lazer,10,7,0,0
831,5.235956232029942,Lazer,12,6,0,0
832,8.015266643081342,Alimentação,9,1,0,0
833,7.3585229999541415,Lazer,13,1,0,0
834,9.320371001152846,Transporte,17,3,0,0
835,19.40081572010135,Transporte,18,2,0,0
836,25.386428813031266,Alimentação,21,6,0,0
837,94.67978300962272,Transporte,8,1,0,0
838,7.401228198890571,Transporte,6,1,0,0
839,53.74885682860546,Lazer,2,4,0,0
840,16.21620670058499,Transporte,19,4,0,0
841,19.11620281479461,Alimentação,5,7,0,0
842,39.4415367082615,Lazer,20,1,0,0
843,6.535690337407506,Saúde,1,3,0,0
844,29.441632561664413,Lazer,5,5,0,0
845,23.72317001226749,Alimentação,2,5,0,0
846,32.86641330073398,Lazer,15,6,0,0
847,26.820556951358768,Lazer,7,1,1,0
848,233.99509179692328,Alimentação,1,1,0,0
849,10.614914237446085,Lazer,16,7,0,0
850,11.810666277450817,Alimentação,8,1,0,0
851,10.77102300910589,Alimentação,11,3,0,0
852,11.525049464910955,Saúde,2,4,0,0
853,10.618660444551931,Transporte,10,1,0,0
854,65.95789151783013,Transporte,0,1,0,0
855,83.13819705925751,Lazer,22,7,0,0
856,11.350408179706825,Lazer,12,2,0,0
857,8.737677542000688,Saúde,14,7,0,0
858,32.1822660287574,Saúde,4,7,0,0
859,11.562613924491849,Saúde,20,3,0,0
860,37.82354596236544,Alimentação,16,6,0,0
861,24.604344200192983,Saúde,22,1,0,0
862,4.41168139279846,Saúde,23,7,0,0
863,94.39661376079607,Lazer,5,7,0,0
864,121.01054288663343,Saúde,20,2,0,1
865,10.883101982912613,Alimentação,21,7,0,0
866,13.630343403392377,Alimentação,10,5,0,0
867,26.73210802626408,Lazer,17,6,0,0
868,28.06313490677993,Saúde,3,1,0,0
869,38.80481250892384,Saúde,2,1,0,1
870,149.9354006147777,Alimentação,12,2,0,0
871,16.828144835478014,Saúde,22,3,0,1
872,9.040393981344447,Saúde,8,1,0,0
873,5.056531490085812,Saúde,20,5,0,0
874,9.67040276962087,Transporte,5,1,0,0
875,19.43106408854354,Lazer,11,5,0,0
876,120.85093736074384,Transporte,1,6,0,0
877,11.96982262259979,Lazer,2,6,0,0
878,25.12310527609488,Alimentação,2,4,1,0
879,19.758368120752788,Saúde,11,4,1,0
880,65.91679556475341,Lazer,14,5,0,1
881,251.37162601229312,Transporte,8,3,0,0
882,11.812180290270714,Saúde,22,1,0,0
883,12.31182961473629,Alimentação,7,7,0,0
884,57.063282829480755,Lazer,10,1,0,0
885,39.72145578252514,Lazer,15,4,0,1
886,127.32047405425764,Lazer,21,7,0,0
887,36.014735902420036,Saúde,3,5,0,0
888,14.02312719575561,Transporte,0,7,0,0
889,36.25781088184109,Transporte,23,1,1,0
890,60.867756256106176,Lazer,6,1,0,0
891,45.626203114933645,Alimentação,1,3,0,0
892,33.35721300907797,Alimentação,23,2,0,0
893,58.3625659083473,Transporte,4,7,0,0
894,64.66988197652807,Alimentação,6,4,0,1
895,80.01058920985083,Transporte,3,4,0,0
896,38.42506140953856,Lazer,4,2,0,0
897,16.994366719212643,Transporte,23,1,0,1
898,23.2595008304699,Transporte,0,3,0,0
899,67.12180584422458,Lazer,0,3,0,0
900,8.873455828006911,Alimentação,14,4,0,0
901,29.039974413340797,Transporte,19,3,0,1
902,13.55372188776777,Transporte,18,6,0,0
903,20.671270194840226,Lazer,9,2,0,0
904,72.12868840662058,Alimentação,17,1,0,0
905,24.31513675193597,Transporte,2,6,0,0
906,21.040234813741193,Lazer,10,2,0,0
907,5.155911183215813,Transporte,14,5,0,0
908,42.36207760960256,Saúde,10,7,0,0
909,38.30131313626667,Lazer,16,4,0,0
910,174.73223620090147,Alimentação,16,3,0,1
911,14.764442629572159,Alimentação,5,5,0,0
912,25.006863511876958,Alimentação,4,3,0,0
913,25.774449807766565,Alimentação,7,6,0,0
914,97.26636828634366,Transporte,1,1,0,0
915,18.25984647871345,Transporte,15,1,0,0
916,26.549781708984884,Alimentação,19,1,0,0
917,36.88837680591453,Alimentação,23,3,1,0
918,24.20620785394014,Alimentação,11,5,0,0
919,12.852860395604116,Transporte,5,1,0,0
920,24.387970365006577,Alimentação,0,5,0,0
921,58.77001347215502,Alimentação,3,3,0,0
922,7.195707736801948,Saúde,16,6,0,0
923,22.94200877044839,Saúde,12,5,0,0
924,9.972977497358038,Alimentação,17,6,0,0
925,66.35682565259373,Lazer,4,3,0,0
926,4.378968065807747,Alimentação,23,3,0,0
927,11.485417103579561,Saúde,23,4,0,0
928,29.288995786861907,Lazer,2,3,0,0
929,96.11294681613708,Lazer,10,3,0,0
930,18.807387389956418,Alimentação,12,2,0,0
931,11.528249175912157,Saúde,3,1,0,1
932,131.78305785265587,Saúde,13,4,0,0
933,4.720836930126956,Lazer,21,7,0,1
934,2.2281999080574266,Alimentação,10,4,0,0
935,31.18740882477427,Transporte,9,4,1,0
936,12.157494071415838,Transporte,18,7,0,0
937,7.233819509172771,Saúde,17,2,0,0
938,40.78671629121261,Transporte,5,6,0,0
939,25.630952771828238,Saúde,14,3,0,0
940,11.426341744898986,Saúde,20,1,0,0
941,5.582828799934863,Saúde,9,5,0,0
942,48.06034112973642,Transporte,4,7,0,0
943,38.48240708244458,Saúde,4,6,0,0
944,18.18912951456104,Lazer,9,7,0,0
945,127.31151995986754,Alimentação,4,3,0,1
946,6.888926267860127,Alimentação,2,2,0,0
947,4.368740834700984,Saúde,22,7,0,0
948,10.055220276233355,Alimentação,5,3,0,0
949,19.190473492703074,Transporte,3,3,0,0
950,25.619132850797477,Transporte,17,2,0,0
951,15.780325493092283,Alimentação,8,4,0,0
952,28.561378311523335,Transporte,16,4,0,0
953,5.745750716648211,Alimentação,12,1,0,0
954,85.09468724467693,Alimentação,14,1,0,0
955,18.501444712586036,Alimentação,19,4,0,1
956,61.39300058009788,Saúde,16,6,0,0
957,28.296138494390075,Alimentação,12,5,0,0
958,31.713841284081706,Saúde,15,3,0,0
959,35.508328700005244,Alimentação,21,5,0,0
960,31.428293686721332,Alimentação,3,3,0,0
961,38.195692973367116,Alimentação,4,4,0,0
962,75.8799533387934,Transporte,4,1,0,0
963,24.447333965298544,Saúde,8,6,0,0
964,40.81312649920643,Saúde,16,1,0,0
965,18.36165101498402,Alimentação,12,5,0,0
966,84.78487918912407,Alimentação,1,1,0,0
967,10.212451365684746,Transporte,12,4,0,0
968,121.62474366398523,Transporte,21,6,0,0
969,19.2949238691436,Transporte,20,5,0,0
970,4.802923994083458,Saúde,22,6,0,0
971,22.830661037816135,Saúde,18,3,0,0
972,10.164978607218996,Saúde,2,1,0,0
973,46.55542549826783,Alimentação,9,6,0,0
974,10.458091873218956,Saúde,1,2,0,0
975,12.856076343654392,Lazer,12,1,0,0
976,3.035752301411076,Lazer,18,3,0,0
977,12.77760054770108,Transporte,16,6,0,0
978,1.779123226146348,Saúde,20,5,0,0
979,4.121005456857068,Lazer,13,3,0,0
980,42.96623850026354,Transporte,11,2,0,0
981,44.07092018225757,Saúde,20,6,0,0
982,30.73670557629986,Alimentação,11,7,0,0
983,7.637145111744817,Lazer,10,7,0,0
984,19.14973052752662,Alimentação,6,4,0,0
985,20.013308172832247,Saúde,3,1,0,0
986,6.3068434819174755,Lazer,18,5,0,0
987,90.32355704557439,Saúde,0,4,0,1
988,48.29665437087541,Alimentação,23,6,0,0
989,16.103486899834433,Lazer,2,7,0,1
990,20.632878331507666,Alimentação,12,7,0,0
991,24.73904606831609,Saúde,14,7,0,0
992,2.6071694517065014,Saúde,1,6,0,0
993,15.686847422788356,Alimentação,10,7,0,0
994,10.155503263498865,Lazer,3,3,0,0
995,7.377095445740382,Alimentação,18,6,0,0
996,15.163628629998327,Saúde,16,5,0,0
997,121.22963135116618,Alimentação,2,4,0,0
998,38.12395639347466,Saúde,17,5,1,0
999,11.34549796550261,Alimentação,7,2,0,0
1000,35.60844330963341,Lazer,21,7,1,0
